time[s],[H]_molefrac,[H]OOOOOOOOOOOOOOOOOOOOOOOOOOOOOO[H]_molefrac,[H]OOOOOOOOOOOOOOOOOOOOOOOOOOOOO[O]_molefrac,[H]OOOOOOOOOOOOOOOOOOOOOOOOOOOO[H]_molefrac,[H]OOOOOOOOOOOOOOOOOOOOOOOOOOO[O]_molefrac,[H]OOOOOOOOOOOOOOOOOOOOOOOOOO[H]_molefrac,[H]OOOOOOOOOOOOOOOOOOOOOOOOO[O]_molefrac,[H]OOOOOOOOOOOOOOOOOOOOOOOO[H]_molefrac,[H]OOOOOOOOOOOOOOOOOOOOOOO[O]_molefrac,[H]OOOOOOOOOOOOOOOOOOOOOO[H]_molefrac,[H]OOOOOOOOOOOOOOOOOOOOO[O]_molefrac,[H]OOOOOOOOOOOOOOOOOOOO[H]_molefrac,[H]OOOOOOOOOOOOOOOOOOO[O]_molefrac,[H]OOOOOOOOOOOOOOOOOO[H]_molefrac,[H]OOOOOOOOOOOOOOOOO[O]_molefrac,[H]OOOOOOOOOOOOOOOO[H]_molefrac,[H]OOOOOOOOOOOOOOO[O]_molefrac,[H]OOOOOOOOOOOOOO[H]_molefrac,[H]OOOOOOOOOOOOO[O]_molefrac,[H]OOOOOOOOOOOO[H]_molefrac,[H]OOOOOOOOOOO[O]_molefrac,[H]OOOOOOOOOO[H]_molefrac,[H]OOOOOOOOO[O]_molefrac,[H]OOOOOOOO[H]_molefrac,[H]OOOOOOO[O]_molefrac,[H]OOOOOO[H]_molefrac,[H]OOOOO[O]_molefrac,[H]OOOO[H]_molefrac,[H]OOO[O]_molefrac,[H]OO[H]_molefrac,[H]O[O]_molefrac,[H][H]_molefrac,[O]OOOOOOOOOOOOOOOOOOOOOOOOOOOO[O]_molefrac,[O]OOOOOOOOOOOOOOOOOOOOOOOOOO[O]_molefrac,[O]OOOOOOOOOOOOOOOOOOOOOOOO[O]_molefrac,[O]OOOOOOOOOOOOOOOOOOOOOO[O]_molefrac,[O]OOOOOOOOOOOOOOOOOOOO[O]_molefrac,[O]OOOOOOOOOOOOOOOOOO[O]_molefrac,[O]OOOOOOOOOOOOOOOO[O]_molefrac,[O]OOOOOOOOOOOOOO[O]_molefrac,[O]OOOOOOOOOOOO[O]_molefrac,[O]OOOOOOOOOO[O]_molefrac,[O]OOOOOOOO[O]_molefrac,[O]OOOOOO[O]_molefrac,[O]OOOO[O]_molefrac,[O]OO[O]_molefrac,[O][O]_molefrac
0.0,0.0,0.0,0.0,0.0,0.0,0.0,0.0,0.0,0.0,0.0,0.0,0.0,0.0,0.0,0.0,0.0,0.0,0.0,0.0,0.0,0.0,0.0,0.0,0.0,0.0,0.0,0.0,0.0,0.0,0.0,0.0,0.67,0.0,0.0,0.0,0.0,0.0,0.0,0.0,0.0,0.0,0.0,0.0,0.0,0.0,0.0,0.33
6591.8517870678825,250.63363971246793,5.350625749932148e-91,7.624226127854818e-82,-1.776339541423684e-85,5.179211510908201e-78,-9.171355867035132e-75,9.510491016888452e-69,7.016300887425207e-68,2.972905991361326e-65,1.1085329894031664e-60,-2.8986160831733593e-57,-9.256751068661532e-54,6.390949189800695e-50,-6.427301913968433e-48,1.1879579565416838e-40,-9.546241002311743e-38,-1.3787596359692568e-37,-8.24525562521021e-35,6.841372433277234e-29,1.5642377304224912e-28,-1.2273485625875753e-27,-1.1087356386073756e-23,-1.8093318808378913e-21,6.494631591526588e-18,3.4725630785137104e-16,2.7989280866530666e-14,-1.6159104394712374e-10,7.165594482869282e-09,3.8211104808234715e-06,-0.0009564508029644783,-0.23890187569723642,2.7916095022080936,5.774393980004086e-79,-1.0837900410016324e-70,4.548827484558199e-68,-8.552445322920929e-58,9.478685610785535e-53,-1.0753831367788076e-44,-2.997430274747267e-37,-1.3825691721513203e-32,-8.310289136085584e-32,-1.438630773280364e-20,-3.6181053518464926e-20,4.88985682112825e-14,-6.132535844293198e-08,0.1924886826423851,-19.49419533170099
13183.703574135765,250.20719250364178,1.5169154584663727e-87,-1.5344155895509902e-79,3.512341677367781e-80,-3.8742539115459545e-74,-3.4630488067861753e-73,-6.299399455605241e-68,-9.636933198536371e-66,-2.0540489209971832e-61,-1.0732751625083081e-59,7.631022179291866e-54,7.658909930415493e-52,1.2975820411372637e-48,-1.1912857867671302e-44,3.664843600237335e-39,1.6369631086040017e-36,9.281100081175741e-33,-9.75389347257452e-31,-4.330220026535385e-27,8.019343070323133e-25,3.6947452149791777e-23,-1.0866631962742754e-21,-2.080595551805225e-17,1.2730304053886363e-15,1.4530483195693318e-13,-3.743080564269866e-12,-3.854615287168112e-08,6.77181411064892e-08,3.46292401271056e-05,-0.0023998166203454073,-0.5926647207337051,2.7820732600104403,6.1541638191114294e-77,2.061932727561469e-68,4.4855615391897896e-64,6.157883891993551e-56,5.851816492220807e-50,-2.242448237697418e-41,3.8684713997675716e-35,-3.0855142461944345e-28,-8.464770954111293e-25,-8.538767296589932e-20,-2.5290277349961003e-15,4.084336791867867e-09,-1.5998759777985496e-05,42.667990781724974,-52.09146064607892
19775.555361203646,250.20528421838395,1.8237545292160567e-87,-1.633661889043047e-79,1.2881380896018396e-79,-5.456498910850645e-74,-2.684086835733238e-72,9.940620436022812e-68,1.4523493791533495e-65,-2.0424737390734404e-61,-5.461664763263203e-59,8.183943769672382e-54,2.5072739219725348e-51,2.8397873361775233e-47,-2.7107526726985677e-44,-2.3144102138516772e-39,4.453376629616938e-36,9.819377384392087e-33,-1.0015041597143746e-30,-4.881252541509915e-27,8.228473261847144e-25,3.7984843580608683e-23,-1.101169361027415e-21,-2.1348617383705343e-17,1.2885279963014126e-15,1.4724566592125882e-13,-3.746657857942731e-12,-3.9015718133054456e-08,6.77842743392485e-08,3.466344480926242e-05,-0.002399760950780878,-0.5926554636860221,2.782030810910257,1.0681832035891116e-76,2.6447921268643715e-68,6.301727969555966e-64,6.148377782454404e-56,7.147199091268182e-50,-2.682259302173357e-41,1.6605425723006192e-35,6.022450088023811e-29,-8.88242559860456e-25,2.599601331381252e-19,-2.5992048330777594e-15,4.1908807773237635e-09,-1.6212164201447937e-05,43.18809599664422,-52.143695679000835
26367.40714827153,250.20541031068387,-3.856443451788916e-88,-1.6160074587781033e-79,2.0553385959653082e-79,-5.425605308767947e-74,-4.186492675173781e-72,9.633430655059738e-68,3.2042269930941963e-65,-1.7067858630318677e-61,-7.952425610106133e-59,7.318635542076765e-54,3.471480993332095e-51,4.414837388742373e-47,-3.514110591232819e-44,-5.68738405514494e-39,5.441150067708246e-36,9.988126757151653e-33,-1.0122999427354412e-30,-4.659966007074318e-27,8.309479215413736e-25,3.837629237163363e-23,-1.1069531060843882e-21,-2.1558773715667385e-17,1.2947538351078232e-15,1.4801896603093678e-13,-3.748150536408096e-12,-3.920420929484921e-08,6.7811662703237e-08,3.467748107391797e-05,-0.002399762990288105,-0.5926556569039103,2.782033609790943,1.0529386889265731e-76,2.614569662408226e-68,6.273640874857658e-64,6.133057278116968e-56,7.0476404910913485e-50,-2.6708141393188017e-41,6.2894347997122e-36,-2.2035684662493825e-30,-9.021969685437332e-25,-2.8989637418488236e-20,-2.6259558544459307e-15,4.232132861969846e-09,-1.629728174666187e-05,43.396712503685755,-52.164792128169736
32959.258935339414,250.20554991969112,-2.585459416671785e-87,-1.6121312666768577e-79,2.647387946481446e-79,-5.4397656955037266e-74,-5.218433803997203e-72,9.78932767398634e-68,4.4003386083506615e-65,-1.486123010343095e-61,-9.702198453663974e-59,6.756013132695446e-54,4.150523616991909e-51,5.522561587372821e-47,-4.088879651224496e-44,-8.00046865729867e-39,6.03621525415105e-36,9.823532256917032e-33,-1.0006511370561652e-30,-4.5167973841732e-27,8.216938995915055e-25,3.7931392834283906e-23,-1.1002373526030555e-21,-2.1318665438002674e-17,1.2875012114401538e-15,1.4712088761958118e-13,-3.746415707774376e-12,-3.898458802416138e-08,6.777985275518384e-08,3.4661139114422475e-05,-0.0023997652066868546,-0.5926558873635615,2.7820367204497933,1.0558655244281273e-76,2.614337615516028e-68,6.288310729300893e-64,6.128017865122106e-56,6.9843599667582785e-50,-2.6717600624964546e-41,-1.7275580517620099e-37,-1.6677610921602948e-29,-8.868353905094587e-25,-9.407447489395458e-20,-2.595505997814048e-15,4.1849960956393324e-09,-1.6198390871756995e-05,43.15359359023014,-52.14018866889959
39551.1107224073,250.20573549290708,-3.138243304697239e-87,-1.606899752247047e-79,2.784403222273661e-79,-5.455076182683861e-74,-5.444207345401477e-72,9.983078538569118e-68,4.658767835753218e-65,-1.4429306590022025e-61,-1.0082413979570898e-58,6.650458444385153e-54,4.298664133683678e-51,5.761633669711601e-47,-4.2139730302404926e-44,-8.48473293856406e-39,6.156139766179494e-36,9.848038830516691e-33,-1.0025816222676613e-30,-4.518128113848946e-27,8.232231737917173e-25,3.800496751550258e-23,-1.1013439722147839e-21,-2.1358326433949997e-17,1.2886955912125135e-15,1.4726874887566702e-13,-3.746707068467868e-12,-3.902072301579883e-08,6.778519401242387e-08,3.466385396767301e-05,-0.002399768826021831,-0.5926563393825164,2.7820408462396,1.0608307631639872e-76,2.614402216331247e-68,6.304179878007812e-64,6.123251228011016e-56,6.982141940293818e-50,-2.677397838193067e-41,-1.3723652259953484e-36,-1.92965178514533e-29,-8.893932747436822e-25,-1.0554981923025656e-19,-2.6005377603426313e-15,4.192778577758057e-09,-1.621465806167671e-05,43.19355843721814,-52.14423279062554
46142.96250947518,250.20580980149705,-3.3883137842267816e-87,-1.5992885485997832e-79,2.846418409329918e-79,-5.477293923358529e-74,-5.543505220463258e-72,1.0265783414767937e-67,4.768384898777844e-65,-1.4302148868999006e-61,-1.0248480600114887e-58,6.626377155624856e-54,4.3640995993359856e-51,5.864327464713064e-47,-4.269516321278416e-44,-8.681728340884712e-39,6.207723761179901e-36,9.882484941497164e-33,-1.0051652784878929e-30,-4.505145385117703e-27,8.252692657711145e-25,3.8103398041032826e-23,-1.1028259534455766e-21,-2.141140581652365e-17,1.2902954079578702e-15,1.4746686730485293e-13,-3.747092536709218e-12,-3.906915150458598e-08,6.779226179569846e-08,3.466747026041126e-05,-0.0023997703302759675,-0.5926565318295551,2.782042497389354,1.0681651160146868e-76,2.614629603486966e-68,6.328030131380311e-64,6.116549196529464e-56,6.9980221832127465e-50,-2.6864136388215817e-41,-1.7621222168183776e-36,-2.638741881410163e-29,-8.928074898545676e-25,-1.3551420332457316e-19,-2.607271751645825e-15,4.20319702100537e-09,-1.6236466038363447e-05,43.24715002037919,-52.14965578036142
52734.81429654307,250.20582836073916,-3.5587327155144907e-87,-1.5952332010588347e-79,2.887374297448357e-79,-5.48927288563976e-74,-5.608233702980068e-72,1.041747360003951e-67,4.840433728124372e-65,-1.420924281000638e-61,-1.0358117707231021e-58,6.607028247914614e-54,4.4072198730975e-51,5.93252861508504e-47,-4.306486794762717e-44,-8.813402600621409e-39,6.239984469991157e-36,9.87927361210429e-33,-1.0049371087450763e-30,-4.491209818662166e-27,8.250874468242866e-25,3.8094652683818236e-23,-1.102694444369431e-21,-2.14066869183224e-17,1.2901534700341652e-15,1.4744927161612094e-13,-3.747059022358755e-12,-3.906485091301144e-08,6.779164714239818e-08,3.466715227819732e-05,-0.002399770677746188,-0.5926565739512547,2.7820429102286917,1.0721247783271131e-76,2.6147822662938913e-68,6.340817799209895e-64,6.113011721286491e-56,7.005626539392755e-50,-2.69125184224925e-41,-2.0380711625877818e-36,-2.929109772828443e-29,-8.925045819593422e-25,-1.478221316452791e-19,-2.606672939793345e-15,4.202270366292032e-09,-1.6234527461123197e-05,43.242386557714724,-52.14917373382165
59326.66608361095,250.2057518312007,-3.8126616500103447e-87,-1.5972183237706334e-79,2.9463612237498607e-79,-5.483252819207291e-74,-5.703856431594065e-72,1.0342124763685376e-67,4.953051443299584e-65,-1.3975863956719715e-61,-1.0520276557983993e-58,6.544189279342694e-54,4.4698306558600526e-51,6.035925633432262e-47,-4.3592218699277284e-44,-9.029173992192833e-39,6.28815250170282e-36,9.860712349814742e-33,-1.0035785327740177e-30,-4.502940012109377e-27,8.240099640788287e-25,3.804284447957899e-23,-1.1019127830580751e-21,-2.1378738237703156e-17,1.289309400007754e-15,1.4734479756327402e-13,-3.746854577604963e-12,-3.903930572855481e-08,6.778789908608986e-08,3.4665239733472204e-05,-0.0023997691579251803,-0.5926563814855351,2.78204120906258,1.0701747550586601e-76,2.614616453711121e-68,6.333722644305025e-64,6.114582358763557e-56,6.990567830154385e-50,-2.6884249800766147e-41,-2.6299348121140797e-36,-2.4353162329859087e-29,-8.907122751959875e-25,-1.2721111488450592e-19,-2.60312865438008e-15,4.196785217011053e-09,-1.6223029722405198e-05,43.21412444873321,-52.14631365150148
65918.51787067883,250.2058149962875,-4.527751588703638e-87,-1.5965785116575912e-79,3.1123072446575686e-79,-5.48435313892037e-74,-5.969307684143746e-72,1.0360724965794078e-67,5.261081002208503e-65,-1.3400085466925297e-61,-1.096815078958548e-58,6.395382920670075e-54,4.643560322194615e-51,6.319440152575643e-47,-4.505539009154947e-44,-9.608434348321658e-39,6.420707183175288e-36,9.856320769844726e-33,-1.0033038671463329e-30,-4.526974619887884e-27,8.237899602708827e-25,3.8032285230017343e-23,-1.1017513609439418e-21,-2.1373024747640432e-17,1.2891347080302637e-15,1.4732317553976394e-13,-3.7468144234280075e-12,-3.903400636942166e-08,6.778716243816546e-08,3.466485293101569e-05,-0.0023997703556354415,-0.5926565279921792,2.7820426138764978,1.0707192316057577e-76,2.6143793309838363e-68,6.333391938280264e-64,6.113621111598289e-56,6.967924987181954e-50,-2.688087078418555e-41,-4.1045459233597506e-36,-1.818595983288873e-29,-8.903546130289134e-25,-1.015708087945041e-19,-2.602405127271084e-15,4.195662557705745e-09,-1.622064475617223e-05,43.208247691670586,-52.145718881592686
72510.3696577467,250.20584818355758,-5.5483860922656255e-87,-1.5879124126828166e-79,3.34397842939739e-79,-5.50915976584928e-74,-6.329774906253851e-72,1.068132600151675e-67,5.673098134077448e-65,-1.271331149525847e-61,-1.1577319002422022e-58,6.226853624972009e-54,4.8810771594533684e-51,6.702679661694368e-47,-4.706969313683173e-44,-1.0370538625284337e-38,6.593337062444879e-36,9.839880448479229e-33,-1.0021210369135269e-30,-4.493546198797015e-27,8.228485277233949e-25,3.798704408246391e-23,-1.1010659379165776e-21,-2.1348596384212284e-17,1.2883940543976987e-15,1.472315047430066e-13,-3.746637787586074e-12,-3.9011575215444186e-08,6.778392343666974e-08,3.466318629013083e-05,-0.002399770947028746,-0.5926565968423123,2.782043352512603,1.0791995964546246e-76,2.6145474958488396e-68,6.358040806793107e-64,6.105834244702327e-56,6.961729850467907e-50,-2.697553624386154e-41,-5.862633695788407e-36,-2.41167426198017e-29,-8.887984082266852e-25,-1.2693522386557389e-19,-2.5993084477228097e-15,4.19086659715627e-09,-1.6210549314650084e-05,43.18341331549492,-52.14320570200498
79102.22144481458,250.20586827957834,-6.0012531455115075e-87,-1.5958652700816632e-79,3.442253274359286e-79,-5.4850729491001984e-74,-6.484575984801621e-72,1.038078559889962e-67,5.859146337292483e-65,-1.2277459075612132e-61,-1.1836495261839948e-58,6.104203253191576e-54,4.9803396992921365e-51,6.8691932886024055e-47,-4.788830457378163e-44,-1.0724531766179386e-38,6.667775964847751e-36,9.857828144693198e-33,-1.0034808159778505e-30,-4.5587118602061496e-27,8.239261671738122e-25,3.8038884617246114e-23,-1.1018463147504034e-21,-2.137655396547562e-17,1.2892364496705177e-15,1.473358405907129e-13,-3.746840226118279e-12,-3.903707858489233e-08,6.778763546592119e-08,3.4665088222974933e-05,-0.0023997713718502105,-0.5926566525576306,2.782043798709997,1.071310316151191e-76,2.6140829356232837e-68,6.330428524266115e-64,6.112507934186468e-56,6.9200822293200695e-50,-2.68703420846794e-41,-6.859850995300654e-36,-1.0872095543063874e-29,-8.905972333789036e-25,-7.128879942089007e-20,-2.6028556143501027e-15,4.1963544438510186e-09,-1.6222035361046507e-05,43.21163898240655,-52.14606184097272
85694.07323188246,250.20589965287155,-7.01895911584673e-87,-1.6022504645472187e-79,3.6611483865921604e-79,-5.466115648065588e-74,-6.820235729156584e-72,1.0144836857919695e-67,6.253681802634757e-65,-1.1467950605551089e-61,-1.24019980632022e-58,5.886250767842119e-54,5.198738504809052e-51,7.229226772475286e-47,-4.9716741156422695e-44,-1.1463077173499449e-38,6.822409027569468e-36,9.853856750135877e-33,-1.0032386387606213e-30,-4.601241085579818e-27,8.237338880457225e-25,3.80296600241746e-23,-1.1017045849178745e-21,-2.1371562560879818e-17,1.2890829481587615e-15,1.4731687063179417e-13,-3.746804281691889e-12,-3.903242585164792e-08,6.778697622004631e-08,3.4664745572431395e-05,-0.0023997719619507046,-0.5926567242700671,2.7820444965191826,1.0652392824062876e-76,2.6139095876475258e-68,6.306738284717717e-64,6.1181561888355095e-56,6.865989008410218e-50,-2.678312915371359e-41,-8.733187855288137e-36,-4.003450225842352e-31,-8.90285880196462e-25,-2.7533565144412815e-20,-2.6022240207649627e-15,4.195374075599346e-09,-1.6219944557337902e-05,43.20648350614387,-52.14554007650986
92285.92501895034,250.2057225576744,-7.609013989776931e-87,-1.610081736510359e-79,3.782707439836291e-79,-5.443586001698567e-74,-7.002797729383613e-72,9.859186347721158e-68,6.47135828148339e-65,-1.0978440988776076e-61,-1.2708999069175844e-58,5.749940807551308e-54,5.316701654945198e-51,7.425936879001307e-47,-5.069733346315988e-44,-1.1871413998158885e-38,6.902911725982471e-36,9.851973549219047e-33,-1.0031090082183687e-30,-4.635817022717252e-27,8.236306692104368e-25,3.802473088013675e-23,-1.1016283776919552e-21,-2.1368899807740743e-17,1.2890003994775484e-15,1.4730678582313975e-13,-3.746779555108963e-12,-3.902995427239189e-08,6.778652460550155e-08,3.46645385436041e-05,-0.002399768543690085,-0.5926562997177964,2.7820405583372025,1.0577823150788032e-76,2.613868271658715e-68,6.280145799044839e-64,6.125342787132687e-56,6.822062442282475e-50,-2.668514598223601e-41,-9.797342949078752e-36,7.989363797022607e-30,-8.901184766203133e-25,7.610255578014167e-21,-2.6018886902112195e-15,4.1948543613422505e-09,-1.6218845747895108e-05,43.203778621177804,-52.145265997973
98877.77680601821,250.20659245423005,-1.0310532092256597e-86,-1.4871080550271186e-79,4.306672895077022e-79,-5.703082051817484e-74,-7.680688851702188e-72,1.3724665312708977e-67,7.193632058749177e-65,-1.0526148551043673e-61,-1.3965040308214158e-58,5.718995238755112e-54,5.820387331229224e-51,8.199904956001846e-47,-5.540093795791619e-44,-1.318473076903903e-38,7.07916706536242e-36,8.9806077063382e-33,-9.424047015792973e-31,-4.363613931734946e-27,7.757343741162165e-25,3.572415009144928e-23,-1.0665412254501641e-21,-2.012616099836444e-17,1.2510448086275515e-15,1.426146185098083e-13,-3.737707107555796e-12,-3.788057956164796e-08,6.762015372265097e-08,3.457904837179907e-05,-0.002399783451213217,-0.5926579929247133,2.7820599346581516,1.153971755268724e-76,2.5922809788166637e-68,6.559932874820039e-64,5.980128555700226e-56,7.033982303866341e-50,-2.7733822029411924e-41,-1.1495671008424425e-35,3.3629494211246213e-29,-8.113933075115698e-25,1.3213057292281136e-19,-2.444461906856984e-15,3.950885595269368e-09,-1.5702180141247916e-05,41.93141012863717,-52.016515909161804
105469.62859308609,250.20621882714025,-1.155373188629473e-86,-1.4937207310159912e-79,4.53794215217403e-79,-5.67575721952165e-74,-7.99528917633926e-72,1.3426940410228238e-67,7.566646050610198e-65,-9.72519707465004e-62,-1.4513710707904952e-58,5.496184703360303e-54,6.032610939900662e-51,8.550485639480386e-47,-5.723110312942994e-44,-1.3880434090681774e-38,7.183736343812951e-36,8.923526758902246e-33,-9.380071538176793e-31,-4.325138298219607e-27,7.722285584269429e-25,3.5556312243746026e-23,-1.063919284785963e-21,-2.0035232996263363e-17,1.2481980529008843e-15,1.4226424125958608e-13,-3.737014429088258e-12,-3.7794440828577094e-08,6.760745567714384e-08,3.457258467553164e-05,-0.0023997761142319713,-0.5926570713596339,2.7820516282652434,1.1456950315092215e-76,2.590472033389997e-68,6.526064815053777e-64,5.983734508829268e-56,6.966512845090702e-50,-2.760942297989515e-41,-1.3137344281907906e-35,3.190507147302506e-29,-8.057900640695715e-25,1.2212851226693184e-19,-2.432981117088594e-15,3.933041984777368e-09,-1.566362703838928e-05,41.83612775438852,-52.006873556348516
112061.48038015397,250.20617469488445,-1.5193021509772017e-86,-1.514765671340381e-79,5.195772497856876e-79,-5.611169956523321e-74,-8.862110866519956e-72,1.263370935065257e-67,8.591697323208245e-65,-7.564437940583394e-62,-1.6031173932701727e-58,4.896529336045683e-54,6.620536858183129e-51,9.518482592931e-47,-6.232449127906853e-44,-1.5770883651454957e-38,7.448532966752577e-36,8.814417805900628e-33,-9.305213548778797e-31,-4.233285530811971e-27,7.6631193550324795e-25,3.527329836992176e-23,-1.059460885749556e-21,-1.988172995166814e-17,1.2433509443549035e-15,1.4166811294874544e-13,-3.735851507438504e-12,-3.764768385728068e-08,6.758613151733364e-08,3.456164884802662e-05,-0.0023997750274015366,-0.592656916687831,2.7820506508859935,1.1254865075067428e-76,2.5908724124643087e-68,6.442340242459839e-64,6.004497077122403e-56,6.787960713113256e-50,-2.7317768504928567e-41,-1.7324752735379632e-35,2.3111066116602734e-29,-7.964316688636e-25,7.809532090786838e-20,-2.4136158696846835e-15,3.90290936631813e-09,-1.5597995710169647e-05,41.67369223745368,-51.990436533801805
118653.33216722184,250.20596770894923,-1.562985087034452e-86,-1.5118383410852826e-79,5.271176335479562e-79,-5.6182800013756986e-74,-8.953579871687854e-72,1.2737839940227233e-67,8.69593005632337e-65,-7.3953335504997e-62,-1.619235539316721e-58,4.8538248934712075e-54,6.683799861803703e-51,9.619798654902525e-47,-6.288343018033243e-44,-1.595251510281368e-38,7.469890990039335e-36,8.788604030800117e-33,-9.285261869484468e-31,-4.1970546244143934e-27,7.647228429490456e-25,3.519722941078232e-23,-1.0582715610955776e-21,-1.9840517591543923e-17,1.2420594784949268e-15,1.4150920101632796e-13,-3.7355362225330185e-12,-3.7608611503736954e-08,6.758035212833376e-08,3.455871208736316e-05,-0.002399770976957298,-0.592656409107297,2.782046048986149,1.1282446571969405e-76,2.590735213759705e-68,6.44841377531536e-64,6.001498317719473e-56,6.784073817151528e-50,-2.7349004820073074e-41,-1.7594511868593675e-35,1.7783786668434575e-29,-7.938922346567043e-25,5.491892311028883e-20,-2.40841270039754e-15,3.894822462046352e-09,-1.558051243581833e-05,41.63047848767609,-51.98606334063694
125245.18395428972,250.20612782795308,-1.645512616948032e-86,-1.5222393250868893e-79,5.415289219791403e-79,-5.5878980141529005e-74,-9.139942300988763e-72,1.235174056753014e-67,8.920715025895989e-65,-6.86230634845752e-62,-1.6514674892698476e-58,4.7002069507924374e-54,6.807700344902755e-51,9.826964636710843e-47,-6.393562428222433e-44,-1.6365855889358997e-38,7.527872862292426e-36,8.817260893315915e-33,-9.307577988340782e-31,-4.25047275827748e-27,7.664991370147547e-25,3.5282283652851455e-23,-1.0595994657950787e-21,-1.9886590640498878e-17,1.2435011370380507e-15,1.4168666989113819e-13,-3.7358861974469555e-12,-3.765223859168377e-08,6.75867680955587e-08,3.4561982011016134e-05,-0.0023997741315910665,-0.5926568061828471,2.7820496085257744,1.1182282196033199e-76,2.590990049795988e-68,6.411932159300881e-64,6.011814253384713e-56,6.725765584293787e-50,-2.721614142394237e-41,-1.8563658496407265e-35,2.6763871091092175e-29,-7.967361003717135e-25,9.361918747436656e-20,-2.4142312270256398e-15,3.90386427665129e-09,-1.5600041782980226e-05,41.67874166402234,-51.990947398829796
131837.0357413576,250.20631658965453,-1.708874824184372e-86,-1.518919026943307e-79,5.524173038350254e-79,-5.595632974687237e-74,-9.271890155539717e-72,1.2469012531376441e-67,9.07176962452478e-65,-6.607999749728769e-62,-1.6746088089562944e-58,4.634910880085104e-54,6.898369741967698e-51,9.972595124143235e-47,-6.473179275330844e-44,-1.6628692420390436e-38,7.559849369852205e-36,8.798794093358409e-33,-9.293562827771753e-31,-4.21014800603252e-27,7.653839105337475e-25,3.522885839947635e-23,-1.0587651028568821e-21,-1.985764100067243e-17,1.2425951602331585e-15,1.415749955281977e-13,-3.7356743234999585e-12,-3.762477824094842e-08,6.758288108270195e-08,3.45599612322216e-05,-0.002399777724314363,-0.5926572480635277,2.7820538069743077,1.1213640231144934e-76,2.5908119631326737e-68,6.417881951389982e-64,6.008376465800679e-56,6.71719281298939e-50,-2.7250555685386714e-41,-1.8965109464572764e-35,1.9673078152949326e-29,-7.949537277000878e-25,6.257162776084126e-20,-2.410573568450928e-15,3.898178369684861e-09,-1.558773450362936e-05,41.64831455440308,-51.98786881134772
138428.8875284255,250.20628364231345,-1.7177162982260204e-86,-1.5191823082359966e-79,5.53900075293038e-79,-5.594697489873571e-74,-9.28970943414893e-72,1.245860961805475e-67,9.092696249544667e-65,-6.565289449311846e-62,-1.677760885572189e-58,4.6230695232173015e-54,6.910622607274704e-51,9.992683273876787e-47,-6.483936166466028e-44,-1.6666067973221978e-38,7.563711669473943e-36,8.790476278124955e-33,-9.28717763563926e-31,-4.206021435394425e-27,7.64875800484998e-25,3.520452576429646e-23,-1.0583853946990226e-21,-1.9844460750419027e-17,1.2421829507793848e-15,1.415242418208285e-13,-3.7355746135431756e-12,-3.761230212546096e-08,6.758105301036671e-08,3.455902778528025e-05,-0.0023997770695617475,-0.5926571651872417,2.782053074630743,1.1211050159466624e-76,2.5908118422798205e-68,6.416506911005218e-64,6.0086302465723535e-56,6.713706255773271e-50,-2.724651414237129e-41,-1.9034111098700953e-35,1.9667286376582475e-29,-7.941401396945734e-25,6.256672530028808e-20,-2.408908917700922e-15,3.895591550353338e-09,-1.558214856733505e-05,41.63451049735163,-51.98647191357874
145020.73931549338,250.20628697598002,-1.7784185100647842e-86,-1.5220584516251747e-79,5.641238067938103e-79,-5.5853388447437845e-74,-9.413896597464e-72,1.2348188499003858e-67,9.239385820565449e-65,-6.2557137089284495e-62,-1.699619799267269e-58,4.5363876831080034e-54,6.995402909169208e-51,1.013219070663264e-46,-6.55783506055804e-44,-1.692912357631276e-38,7.592897855835103e-36,8.756274166151128e-33,-9.261290717668694e-31,-4.19196387472632e-27,7.628175065824218e-25,3.5105968457495636e-23,-1.0568441540598312e-21,-1.979105814823003e-17,1.2405091892575313e-15,1.4131815353414832e-13,-3.735173563748379e-12,-3.756162249874696e-08,6.75736988709312e-08,3.455525372904788e-05,-0.002399777052615196,-0.5926571562840742,2.782053150154822,1.1182952660627589e-76,2.59084542914517e-68,6.403840345837927e-64,6.011446847866987e-56,6.686257162852754e-50,-2.720590040079073e-41,-1.9543071458621418e-35,2.0250537341508174e-29,-7.908532939303945e-25,6.514256537157347e-20,-2.402165071175501e-15,3.885108345364403e-09,-1.5559457934655647e-05,41.57841354005224,-51.98079544710306
151612.59110256127,250.20634501909544,-1.832961515243306e-86,-1.5174732670881243e-79,5.732100650606131e-79,-5.596873710446115e-74,-9.518671776861346e-72,1.2513008943637535e-67,9.35776274387747e-65,-6.07644509978093e-62,-1.7182899037511567e-58,4.4921584295468824e-54,7.068957292106869e-51,1.0249285346992452e-46,-6.623706668797752e-44,-1.7131145679361053e-38,7.611175293110231e-36,8.700501255544625e-33,-9.21873782515784e-31,-4.1326115569724296e-27,7.594322007073098e-25,3.4943890063653665e-23,-1.0543064650928713e-21,-1.9703221955547694e-17,1.2377527664378421e-15,1.4097879451267394e-13,-3.734514561229104e-12,-3.747815317269123e-08,6.756161408245447e-08,3.454904465300638e-05,-0.0023997780372430927,-0.5926572672013184,2.782054443210708,1.122758006331764e-76,2.5906977971706146e-68,6.414281194650172e-64,6.006859077497194e-56,6.684929076007664e-50,-2.725716565904671e-41,-1.9784433696373482e-35,1.294944382190437e-29,-7.854548154252524e-25,3.340143196520498e-20,-2.391074052377547e-15,3.8678648333283015e-09,-1.552209071094534e-05,41.486013091157616,-51.971445516989185
158204.44288962916,250.20612094690168,-1.9078535328167283e-86,-1.5182260791201005e-79,5.858217079967906e-79,-5.593176179658421e-74,-9.670397529603e-72,1.2480670484132276e-67,9.534930294450543e-65,-5.7311901713659674e-62,-1.744832310115357e-58,4.3979957974575033e-54,7.172277226297284e-51,1.0417604415953154e-46,-6.713566198668716e-44,-1.7442580892656288e-38,7.648080848248665e-36,8.699270000034734e-33,-9.218686998150917e-31,-4.129308850182244e-27,7.59432764180551e-25,3.4943959918606353e-23,-1.0543051252243366e-21,-1.9703254365630888e-17,1.237750985188704e-15,1.4097874265819937e-13,-3.7345078931303135e-12,-3.747813308317376e-08,6.756149400805367e-08,3.454901419369181e-05,-0.0023997737201159846,-0.5926567317817594,2.782049460276859,1.1220370147600566e-76,2.5906734817749565e-68,6.407214139416526e-64,6.007548013553391e-56,6.660287009011915e-50,-2.724212841122841e-41,-2.033152266598787e-35,1.2221622283362981e-29,-7.854606945282934e-25,3.010069650013196e-20,-2.3910809705083112e-15,3.867874687057167e-09,-1.5522099018360166e-05,41.48602831531797,-51.97144664829602
164796.29467669706,250.2062481788279,-1.9645756677763247e-86,-1.5182944805207532e-79,5.953206537013492e-79,-5.591807930422611e-74,-9.783609062038866e-72,1.2475079205604897e-67,9.666719303069959e-65,-5.479537553335468e-62,-1.764620096237876e-58,4.3298122817774195e-54,7.24937919670445e-51,1.0542918050126264e-46,-6.780642752269759e-44,-1.767254003535275e-38,7.675091517249793e-36,8.700158271823051e-33,-9.219885277048003e-31,-4.1222821414072144e-27,7.59530630762783e-25,3.4948633805826426e-23,-1.0543782671165307e-21,-1.9705783400853795e-17,1.237830383208734e-15,1.4098845047046826e-13,-3.73453046584239e-12,-3.7480517915157694e-08,6.756190667640448e-08,3.4549208253771254e-05,-0.0023997761751945886,-0.592657036577371,2.7820522896037123,1.1219991088614816e-76,2.590656366846604e-68,6.403402344361296e-64,6.007593560835078e-56,6.643327204503101e-50,-2.723723874647774e-41,-2.071780821060668e-35,1.0472137389198963e-29,-7.856177652050963e-25,2.2339413326357277e-20,-2.3913995120934864e-15,3.868369162373575e-09,-1.5523159888824183e-05,41.48864675945924,-51.97171184086529
171388.14646376495,250.20620410695778,-2.155801346989757e-86,-1.5227101882433717e-79,6.269919054358729e-79,-5.575437102906426e-74,-1.0158115926153862e-71,1.2300812488866678e-67,1.0105879907246335e-64,-4.596854277460083e-62,-1.8303102229372147e-58,4.085877426511259e-54,7.504793993704974e-51,1.0960405584409688e-46,-7.003049339064946e-44,-1.844320852035407e-38,7.759679638887905e-36,8.671477888318864e-33,-9.200038227356215e-31,-4.1121774708452825e-27,7.57962471256038e-25,3.4873609987202914e-23,-1.0531974114586079e-21,-1.9665101051151698e-17,1.236546729903718e-15,1.4083057771021383e-13,-3.7342215903765375e-12,-3.7441657335514454e-08,6.755624322396142e-08,3.4546308319865804e-05,-0.002399775263800357,-0.5926569183246363,2.7820513105969202,1.1177795523620996e-76,2.5907129772895714e-68,6.377683380369584e-64,6.0119349862850115e-56,6.572956636491314e-50,-2.7169103931174174e-41,-2.207021520234015e-35,1.1068709805742459e-29,-7.831322254255526e-25,2.481897547506667e-20,-2.3862664047359425e-15,3.860383727045691e-09,-1.5505780759018294e-05,41.44563996961533,-51.967359886108696
177979.99825083284,250.20621087481575,-2.190417233397844e-86,-1.5251979058012663e-79,6.327118099019567e-79,-5.567709471429363e-74,-1.0226637651886108e-71,1.220692198105731e-67,1.018755323849717e-64,-4.4155469212661826e-62,-1.8421340755862164e-58,4.0342735814749685e-54,7.550446959838873e-51,1.103593690291668e-46,-7.04189082998948e-44,-1.858729458616641e-38,7.778250311778924e-36,8.695288022840457e-33,-9.218603366864413e-31,-4.134011476616598e-27,7.594414066168132e-25,3.494440444865228e-23,-1.0543071702648789e-21,-1.9703471415255512e-17,1.2377523557777618e-15,1.409789648119107e-13,-3.73451072561511e-12,-3.747816094897704e-08,6.756154507016007e-08,3.454902788826385e-05,-0.002399775452615765,-0.5926569466349747,2.782051460100396,1.1153243885704988e-76,2.590744877800942e-68,6.367779300206735e-64,6.014361167470821e-56,6.554696039514572e-50,-2.713612746186444e-41,-2.2356320964456007e-35,1.3339531570394528e-29,-7.854878126851758e-25,3.4635681369054933e-20,-2.3911105343167986e-15,3.867915882580175e-09,-1.5522117826908784e-05,41.48604405567561,-51.97144840246787
184571.85003790073,250.2062053157547,-2.2771814479877966e-86,-1.529696755087873e-79,6.469387557916804e-79,-5.553234168779167e-74,-1.0394300070820465e-71,1.2035834343335945e-67,1.0386093434536377e-64,-3.9905454139301515e-62,-1.8712754494061655e-58,3.9144216800628454e-54,7.663289158809726e-51,1.122176076797004e-46,-7.13889072517634e-44,-1.8935387572134898e-38,7.819093604143929e-36,8.717448502266592e-33,-9.236062150498437e-31,-4.159821709945442e-27,7.608328799783445e-25,3.501102348357503e-23,-1.0553501579814223e-21,-1.9739573543391118e-17,1.2388852253628849e-15,1.411184305752926e-13,-3.734782080373274e-12,-3.751246344944046e-08,6.756652099266784e-08,3.4551581929680945e-05,-0.002399775400399193,-0.5926569447555945,2.7820513355372616,1.1109024922893035e-76,2.590807810223476e-68,6.3483189525181e-64,6.01876132969788e-56,6.514758698420768e-50,-2.707494334537621e-41,-2.300395318820821e-35,1.667899101858366e-29,-7.8770734469876255e-25,4.908284537271369e-20,-2.3956690999393598e-15,3.8750029623623525e-09,-1.5537473414068395e-05,41.52401380612564,-51.97529056479078
191163.70182496862,250.20605641792892,-2.4527664477370923e-86,-1.535329583976586e-79,6.753468437813675e-79,-5.533495819166407e-74,-1.0721112972580413e-71,1.1816537960380539e-67,1.0770549175020597e-64,-3.1977276415169087e-62,-1.9284869337971884e-58,3.6928597858338213e-54,7.885455823348638e-51,1.1585956647027488e-46,-7.331775861061373e-44,-1.9602820850157622e-38,7.888071969432541e-36,8.689202822588594e-33,-9.214567376074203e-31,-4.150386762930169e-27,7.5912248670804e-25,3.492917303616905e-23,-1.0540658908759249e-21,-1.969520930483727e-17,1.2374898649470936e-15,1.4094678993935167e-13,-3.734443513454895e-12,-3.747023641694322e-08,6.756031410651077e-08,3.454841772412611e-05,-0.002399772464053741,-0.5926565749225307,2.782048025495336,1.1053764927302997e-76,2.5908629435997354e-68,6.319361935451162e-64,6.024262452772287e-56,6.445437067706938e-50,-2.699327929911444e-41,-2.413991327313704e-35,1.766617175180316e-29,-7.849856142126867e-25,5.341044977475063e-20,-2.390069905777964e-15,3.866296400237505e-09,-1.551858501362471e-05,41.47729833495898,-51.97056313713688
197755.5536120365,250.20606105646786,-2.611037783025066e-86,-1.5427686025268013e-79,7.007633726697567e-79,-5.509202739393309e-74,-1.1012132869980258e-71,1.153330836729412e-67,1.1114726210432412e-64,-2.4639239379943957e-62,-1.9790984595619166e-58,3.485599203270518e-54,8.081537752485346e-51,1.1908622664637888e-46,-7.500539334614415e-44,-2.019842866419853e-38,7.953076022652216e-36,8.71457478440348e-33,-9.234300323330568e-31,-4.1779935429463575e-27,7.606936806969775e-25,3.5004400399270414e-23,-1.0552430084653245e-21,-1.9735973495227013e-17,1.2387683119916402e-15,1.4110418514489082e-13,-3.7347500420097374e-12,-3.750894528350768e-08,6.756593491740467e-08,3.455130125811486e-05,-0.002399772615361867,-0.5926565988751806,2.782048127586881,1.0980436648996028e-76,2.5909869999038394e-68,6.286045704285804e-64,6.031571066780421e-56,6.37569055438271e-50,-2.68921316036621e-41,-2.518243967130457e-35,2.1097139302565818e-29,-7.874934133017239e-25,6.819137248916637e-20,-2.395217407295908e-15,3.8742985090145685e-09,-1.5535914015747166e-05,41.52014373989164,-51.97489868728067
204347.4053991044,250.20606217429815,-2.6954553350323225e-86,-1.5439039711672256e-79,7.14177713165575e-79,-5.504079855372272e-74,-1.1162008805254456e-71,1.1486665578385946e-67,1.128989620665844e-64,-2.117513894536443e-62,-2.0051066166090427e-58,3.389908455082385e-54,8.182699913023357e-51,1.2073531507439852e-46,-7.587802102578166e-44,-2.0494475951022394e-38,7.985020733854979e-36,8.738527370297313e-33,-9.25277144599113e-31,-4.1813167811107246e-27,7.621637352940865e-25,3.5074786923186133e-23,-1.056344383444133e-21,-1.9774113914763144e-17,1.2399645021457903e-15,1.4125145448268903e-13,-3.735036758378945e-12,-3.754516406621969e-08,6.757119246485732e-08,3.455399888252056e-05,-0.0023997726948674805,-0.5926566135908917,2.7820481514523885,1.0969335547590746e-76,2.590972496096681e-68,6.276801561154172e-64,6.032637429585796e-56,6.34783785459436e-50,-2.687326394694472e-41,-2.5629037831720703e-35,1.9199833439517474e-29,-7.898395940549793e-25,5.969432540582704e-20,-2.4000335791250852e-15,3.881785616875569e-09,-1.555212837817233e-05,41.56023350976202,-51.97895538758566
210939.2571861723,250.20600945343423,-2.73303132881454e-86,-1.5462183693529213e-79,7.200581084884778e-79,-5.496738397121794e-74,-1.1227236018710893e-71,1.1398813928531178e-67,1.136749266119246e-64,-1.944970492319515e-62,-2.016525609383118e-58,3.34036236246873e-54,8.226873357943871e-51,1.2146617454366924e-46,-7.626004387103154e-44,-2.062827922352151e-38,7.997203558221856e-36,8.728307888007013e-33,-9.244837521739932e-31,-4.183202576416121e-27,7.615318247157594e-25,3.5044539471152207e-23,-1.055870655625542e-21,-1.9757723214304394e-17,1.2394499379576717e-15,1.411881401224487e-13,-3.734911966702345e-12,-3.752959176023364e-08,6.756890466109794e-08,3.455283228358209e-05,-0.0023997716542011206,-0.5926564824387807,2.782046979469742,1.0946341768819e-76,2.591017454388887e-68,6.267159728450162e-64,6.034925616511124e-56,6.3296399803021615e-50,-2.684241291299595e-41,-2.586108146479273e-35,2.077238027294398e-29,-7.888318799444846e-25,6.663172980059358e-20,-2.3979644307843052e-15,3.8785688766454225e-09,-1.554516073558527e-05,41.54300561266345,-51.97721199427242
217531.1089732402,250.20600800721377,-2.7607478137387562e-86,-1.5473851243389167e-79,7.244413480349837e-79,-5.4928564682439124e-74,-1.1276324526241579e-71,1.1354336565366762e-67,1.1425461668945433e-64,-1.8222016079628453e-62,-2.0250362931978877e-58,3.3056921980136213e-54,8.259855278317749e-51,1.2200832254049814e-46,-7.654320808634619e-44,-2.0727223100946226e-38,8.007833533185265e-36,8.735301921697168e-33,-9.250188475485372e-31,-4.1881771225176254e-27,7.619574513028856e-25,3.506491881586848e-23,-1.0561894970066938e-21,-1.976876619782817e-17,1.2397962200180302e-15,1.4123077472386235e-13,-3.734994918247006e-12,-3.754007691501966e-08,6.757042576863666e-08,3.4553613003466204e-05,-0.002399771643119427,-0.5926564824700173,2.782046947021207,1.093478511540069e-76,2.5910357471007253e-68,6.26171541354526e-64,6.036067837943015e-56,6.317967825364545e-50,-2.6826557240207707e-41,-2.6025415851025487e-35,2.1132639034866473e-29,-7.89511285320494e-25,6.815151568885335e-20,-2.3993589194238683e-15,3.880736684211452e-09,-1.554985492000068e-05,41.55461169863379,-51.97838641565446
224122.96076030808,250.20601315751216,-2.7870214636851866e-86,-1.5485351714232438e-79,7.285581207548575e-79,-5.489032510530722e-74,-1.1321824458701595e-71,1.1310287274125985e-67,1.1479236876584092e-64,-1.707382636840753e-62,-2.0329761633769212e-58,3.27311811885762e-54,8.290632530839474e-51,1.2251479262873392e-46,-7.680914863239484e-44,-2.0819008335340354e-38,8.016590150956634e-36,8.733036878526886e-33,-9.2484086157225e-31,-4.189040037507168e-27,7.618155266637601e-25,3.5058123455817336e-23,-1.0560830886865747e-21,-1.9765083555878365e-17,1.2396806361832507e-15,1.4121654343142715e-13,-3.73496736026619e-12,-3.753657641790963e-08,6.756992038333972e-08,3.455335296122645e-05,-0.002399771736741485,-0.5926564936114725,2.7820470616498034,1.0923373505771174e-76,2.5910546376677376e-68,6.256400835483357e-64,6.037199475217449e-56,6.306771954011978e-50,-2.6810831700130574e-41,-2.6175279933778795e-35,2.1587147868750218e-29,-7.892850157442313e-25,7.014503868455382e-20,-2.398893904664684e-15,3.880013685044456e-09,-1.554828772327798e-05,41.55073619234868,-51.977994261113274
230714.81254737597,250.20602172941025,-2.8225762092849217e-86,-1.5509592422624274e-79,7.341604309260072e-79,-5.481496131913629e-74,-1.1384771148428918e-71,1.1219305951465361e-67,1.155427141544038e-64,-1.5391688562340552e-62,-2.0438737714036055e-58,3.224810139884787e-54,8.33272176358257e-51,1.2321177874130646e-46,-7.716867266422396e-44,-2.094818605446272e-38,8.030578915202321e-36,8.743550307079296e-33,-9.25648749275486e-31,-4.200779668719046e-27,7.624583874252128e-25,3.508890309264282e-23,-1.0565645989061238e-21,-1.9781761874934815e-17,1.2402035743187885e-15,1.4128092354265065e-13,-3.7350929291157325e-12,-3.7552408955047444e-08,6.757222287302277e-08,3.455453323497641e-05,-0.0023997719272311822,-0.592656519358613,2.782047251838055,1.089929295203807e-76,2.591106719779398e-68,6.246614488564266e-64,6.039590649988625e-56,6.288855116682836e-50,-2.6779286512129637e-41,-2.640717663911936e-35,2.3089572917778602e-29,-7.9031136350982965e-25,7.663206276255113e-20,-2.4009999687468418e-15,3.883287576353067e-09,-1.555537547256005e-05,41.56825952837961,-51.97976746943189
237306.66433444386,250.206041081433,-2.900267597679697e-86,-1.550573379506896e-79,7.463958531368552e-79,-5.480694911378414e-74,-1.1518955009471034e-71,1.1228649534146478e-67,1.1710004089295416e-64,-1.2450874879165536e-62,-2.0671637760551167e-58,3.1447103814044976e-54,8.423528311445662e-51,1.246843537014272e-46,-7.795424927445808e-44,-2.1207455022855905e-38,8.057503244294486e-36,8.76159569505542e-33,-9.270229828050855e-31,-4.1933068121964905e-27,7.635509731103588e-25,3.514122143076254e-23,-1.05738243356154e-21,-1.981010742891762e-17,1.2410916729234474e-15,1.4139026901671202e-13,-3.7353063146149684e-12,-3.75792964037383e-08,6.757613556082827e-08,3.455653824276529e-05,-0.002399772343107419,-0.5926565745401983,2.78204768145236,1.0903327533871825e-76,2.5910497284290548e-68,6.242370867213566e-64,6.039146006412725e-56,6.267936988881875e-50,-2.677938240130252e-41,-2.675652691967194e-35,1.9421774183939912e-29,-7.9205717665104895e-25,6.044357925790205e-20,-2.4045795984655857e-15,3.88885162621642e-09,-1.5567413255892938e-05,41.59801754972235,-51.98277872960612
243898.51612151176,250.20599544483667,-2.9291122813042174e-86,-1.5527327831660212e-79,7.508756427218281e-79,-5.4740220114073806e-74,-1.1568343140285968e-71,1.1147492811268564e-67,1.176904786827778e-64,-1.1098427771259314e-62,-2.075763531896498e-58,3.10554214560425e-54,8.456722958024684e-51,1.2523573520202882e-46,-7.823924964725165e-44,-2.1308982789254646e-38,8.067157913801233e-36,8.759010437612094e-33,-9.268125214509773e-31,-4.199232535429984e-27,7.63382790633234e-25,3.51331746966814e-23,-1.0572563158947544e-21,-1.980574758363816e-17,1.2409546783782721e-15,1.4137343124319802e-13,-3.735272210647918e-12,-3.757515531430769e-08,6.757551063992371e-08,3.455622392661839e-05,-0.0023997714572283374,-0.5926564641177446,2.7820466666966954,1.0881815529364089e-76,2.5910978404630594e-68,6.233822069997144e-64,6.041282211869363e-56,6.2528370456696375e-50,-2.67513257606072e-41,-2.6937498642722124e-35,2.1072763353545203e-29,-7.917890417006376e-25,6.767068897246857e-20,-2.4040294790762256e-15,3.887996485317098e-09,-1.556556227158905e-05,41.59344149959446,-51.982315594220935
250490.36790857965,250.2059750111089,-3.1665854993392077e-86,-1.5604636583970338e-79,7.87681232863559e-79,-5.4468243317359054e-74,-1.1967355557278113e-71,1.08477189501119e-67,1.2238723583291262e-64,-1.301372660510303e-63,-2.145284750122164e-58,2.82907491556458e-54,8.726555494043933e-51,1.2966237846060537e-46,-8.0570862091657e-44,-2.2099396403929655e-38,8.140559030313804e-36,8.749667202914004e-33,-9.260464275972757e-31,-4.197207208492683e-27,7.627700354995109e-25,3.5103842948412604e-23,-1.0567967289375631e-21,-1.978985128228507e-17,1.240455430674809e-15,1.4131198928923197e-13,-3.735151989038415e-12,-3.7560041870970955e-08,6.757330632155765e-08,3.4555095675476294e-05,-0.0023997710393425615,-0.5926564102635975,2.7820462127048122,1.080510561839014e-76,2.591207438497174e-68,6.193769227162586e-64,6.048873908621687e-56,6.160892036083973e-50,-2.6642754558140075e-41,-2.8135478599136893e-35,2.1733986805381073e-29,-7.908125781914668e-25,7.057094070460513e-20,-2.4020226515492848e-15,3.884876289972508e-09,-1.55587987520165e-05,41.57671608615754,-51.98062310610498
257082.21969564754,250.20560452670915,-3.2165109058636424e-86,-1.5576959587346676e-79,7.954867281727637e-79,-5.453222007033145e-74,-1.2050779321427255e-71,1.0946114686783126e-67,1.2333644495411758e-64,2.3259748769825793e-64,-2.1596192173222827e-58,2.789726583109031e-54,8.782783544611798e-51,1.3055948539949214e-46,-8.105583348977493e-44,-2.2251055386027336e-38,8.158098925414098e-36,8.786867978974671e-33,-9.28902438340417e-31,-4.1933188407692965e-27,7.65042459885646e-25,3.5212716527853145e-23,-1.0584963785374323e-21,-1.9848838898000377e-17,1.2423008699824476e-15,1.4153946877488958e-13,-3.735583957752294e-12,-3.761597536104566e-08,6.758123102864199e-08,3.455921356920484e-05,-0.0023997639910097773,-0.5926555436260842,2.7820379723217075,1.0832923683543481e-76,2.5910777586781627e-68,6.198579470689036e-64,6.046038100776775e-56,6.155698677978004e-50,-2.6673776093299744e-41,-2.82811444923851e-35,1.6731359765403845e-29,-7.944467851082044e-25,4.84531002532551e-20,-2.4094758531706053e-15,3.896461628901378e-09,-1.5583867644948377e-05,41.638690112716255,-51.986893605063344
263674.07148271543,250.20562523249782,-3.2649537124063445e-86,-1.5532136149601954e-79,8.030521011383382e-79,-5.464558146136238e-74,-1.2130431315406814e-71,1.1108149037516165e-67,1.2422827543601452e-64,1.478365230280207e-63,-2.173361770910623e-58,2.759885867075363e-54,8.836986874404486e-51,1.3141422618632965e-46,-8.152790815927545e-44,-2.2390593522831892e-38,8.173245690448671e-36,8.81369456029008e-33,-9.309491115499033e-31,-4.177161568596845e-27,7.66669983801307e-25,3.5290660254996157e-23,-1.0597136541570088e-21,-1.9891063365132046e-17,1.243622541025092e-15,1.4170222485217707e-13,-3.735901293146335e-12,-3.765599063180494e-08,6.758704984796749e-08,3.4562196477600254e-05,-0.0023997644539849425,-0.5926556064095537,2.7820384316808697,1.0878752171573733e-76,2.5909639323597784e-68,6.20887448198561e-64,6.041617539189049e-56,6.156604824786919e-50,-2.672622112699401e-41,-2.8371442821391246e-35,1.0095850692689153e-29,-7.970500308161931e-25,1.9340976736565757e-20,-2.4148088361281126e-15,3.9047501602537365e-09,-1.5601785908506986e-05,41.68297893925372,-51.99137524517314
270265.9232697833,250.20552180948067,-3.34333736582586e-86,-1.5481970723240328e-79,8.147563400617837e-79,-5.476614937309207e-74,-1.2245575575679854e-71,1.1286552446759043e-67,1.2552616601863893e-64,3.467880122845339e-63,-2.193962811546621e-58,2.70897525475202e-54,8.918251987428578e-51,1.3270768704683116e-46,-8.225946691305151e-44,-2.2593713175202034e-38,8.179185567416053e-36,8.721946133741066e-33,-9.238439143037702e-31,-4.10027055802092e-27,7.610127222282044e-25,3.5019760387301103e-23,-1.0554804148703403e-21,-1.974429390165372e-17,1.2390258719672663e-15,1.4113623657182097e-13,-3.734796750364824e-12,-3.751682536903618e-08,6.756679671200748e-08,3.455181844668687e-05,-0.0023997622386439906,-0.5926553130021031,2.7820361355736574,1.0930661136688555e-76,2.590870093097476e-68,6.218707003350748e-64,6.036753569222056e-56,6.151380061612718e-50,-2.6783024603190405e-41,-2.8471774500181064e-35,2.9430954073841184e-30,-7.880067196309787e-25,-1.1485269393639743e-20,-2.3962731854353183e-15,3.87594026016882e-09,-1.5539476665975965e-05,41.52895632543646,-51.97578945256706
276857.7750568512,250.20527565481189,-3.6281741241868046e-86,-1.5445743757791253e-79,8.577072231236919e-79,-5.479603609711966e-74,-1.2684663085763378e-71,1.1397551083501e-67,1.3060143769937909e-64,1.2860128838442717e-62,-2.2711714148250034e-58,2.451825112287904e-54,9.220080543128685e-51,1.3758896238768286e-46,-8.49088510045308e-44,-2.3413031956136791e-38,8.234662023908872e-36,8.642766706186037e-33,-9.179389684991378e-31,-4.0599290399753844e-27,7.563239703888157e-25,3.479535720979546e-23,-1.0519601831003403e-21,-1.962266362552045e-17,1.235201191078815e-15,1.4066566849963324e-13,-3.7338732511153945e-12,-3.740105626887551e-08,6.754986478842686e-08,3.4543164450276535e-05,-0.002399757310846831,-0.5926546863302583,2.782030664761076,1.0969896013572902e-76,2.5906994625810957e-68,6.209835620056171e-64,6.033144987003908e-56,6.085231669291694e-50,-2.681075537867266e-41,-2.935747706699415e-35,2.2444173621563522e-30,-7.80543852777313e-25,-1.3978072119596333e-20,-2.3809206095017065e-15,3.852067490723958e-09,-1.5487682120895984e-05,41.40085423949856,-51.96282630753619
283449.6268439191,250.2052680921447,-3.668842508467524e-86,-1.5439856969469452e-79,8.637812677354565e-79,-5.480313230005855e-74,-1.2745748515778705e-71,1.1416671518120455e-67,1.3130654919895192e-64,1.4153765908189042e-62,-2.2819001313573424e-58,2.4164327959739863e-54,9.262041557193009e-51,1.3826668491661034e-46,-8.527693440821397e-44,-2.3525504407315764e-38,8.242022422383484e-36,8.634815041535001e-33,-9.1734577940042e-31,-4.052029640891271e-27,7.558528165485736e-25,3.477281057180378e-23,-1.051605938282642e-21,-1.9610440113122094e-17,1.2348162110435854e-15,1.4061830489163892e-13,-3.733780773956093e-12,-3.738940071348896e-08,6.75481690985423e-08,3.454229539734519e-05,-0.002399757146485113,-0.592654664383136,2.7820304969022684,1.0976514008647927e-76,2.590696892058332e-68,6.208874844431328e-64,6.0325957228963e-56,6.07623020484839e-50,-2.681609398763586e-41,-2.947000993947668e-35,1.3110683076292821e-30,-7.797953628600313e-25,-1.8050278250103435e-20,-2.3793778900233775e-15,3.849668072280919e-09,-1.548246781559512e-05,41.3879541143443,-51.961520925428445
290041.478630987,250.20513377865595,-3.759082325548359e-86,-1.5464389892400044e-79,8.772447932822479e-79,-5.471112409910289e-74,-1.2883148759711953e-71,1.1318624719525938e-67,1.3292266201781411e-64,1.7521330697982946e-62,-2.3059570633803123e-58,2.3205871356343657e-54,9.3555134364841e-51,1.3979805636924048e-46,-8.608874286203991e-44,-2.378963819668112e-38,8.261194783151497e-36,8.627307327470358e-33,-9.16830024559949e-31,-4.059592490456283e-27,7.554458859259654e-25,3.4753357701829216e-23,-1.0512992066282728e-21,-1.9599892890794822e-17,1.2344827252219135e-15,1.405773663371515e-13,-3.7336971081081185e-12,-3.7379323434118435e-08,6.75466362217111e-08,3.454152750751797e-05,-0.002399754542636962,-0.5926543401005981,2.782027510317763,1.0951781956258538e-76,2.590691292825209e-68,6.194951837869465e-64,6.034952930633527e-56,6.043695657872913e-50,-2.6780325132439846e-41,-2.982531941939793e-35,3.752884812573372e-30,-7.7915088696343715e-25,-7.303875875413393e-21,-2.3780481605090914e-15,3.8475996834344945e-09,-1.5477968823224168e-05,41.376822102679654,-51.96039422843406
296633.3304180549,250.2050913474535,-3.8068085648660664e-86,-1.5522796220025102e-79,8.843938412522177e-79,-5.4533689050968596e-74,-1.295930951789464e-71,1.1098074860288508e-67,1.3385376022741384e-64,1.9923448664387284e-62,-2.3191133973939947e-58,2.2485909867113383e-54,9.405869632005689e-51,1.4064887308916822e-46,-8.651341444221718e-44,-2.3949311753260284e-38,8.276700310159139e-36,8.644902434023963e-33,-9.182091428730437e-31,-4.099096317546737e-27,7.565452283409453e-25,3.480597532747368e-23,-1.0521252816277676e-21,-1.9628418757984002e-17,1.2353803834201758e-15,1.40687849181852e-13,-3.7339110638752685e-12,-3.740650976795668e-08,6.75505599747576e-08,3.4543546790550396e-05,-0.002399753768664179,-0.592654247756962,2.7820265659885344,1.0891429506721064e-76,2.590723349712983e-68,6.173493725479754e-64,6.040573880631939e-56,6.011454638172408e-50,-2.6704556588828057e-41,-3.0149742166458555e-35,1.0690950718574321e-29,-7.808986229654919e-25,2.3097290708098282e-20,-2.3816491352114527e-15,3.853200113335592e-09,-1.5490135742182606e-05,41.406921406700896,-51.96343991054063
303225.1822051228,250.20505184401216,-3.9221027778768065e-86,-1.5515615407721055e-79,9.015725172504709e-79,-5.452584664696938e-74,-1.3132069029024255e-71,1.1116515284433202e-67,1.358556932149646e-64,2.3699351293232987e-62,-2.349303415785702e-58,2.144361787372855e-54,9.523747434741683e-51,1.4255792870424864e-46,-8.754080511536569e-44,-2.4268662848223474e-38,8.300058651303974e-36,8.644663926420521e-33,-9.182291862215425e-31,-4.0859414703517805e-27,7.5656319288282975e-25,3.48068446959536e-23,-1.0521383362083001e-21,-1.9628887980770626e-17,1.2353944864333742e-15,1.4068961719784522e-13,-3.733913343565403e-12,-3.74069427498799e-08,6.75506021660096e-08,3.4543573931954124e-05,-0.0023997530082737217,-0.5926541535106081,2.782025687500493,1.0899878536330364e-76,2.590694180886172e-68,6.167687933302348e-64,6.039887433910947e-56,5.98275286910074e-50,-2.670754856089211e-41,-3.048925706265694e-35,7.690534919036547e-30,-7.809283752890575e-25,9.89850649683017e-21,-2.3817089292109068e-15,3.8532928385038055e-09,-1.5490332871151096e-05,41.407407266624475,-51.963489002881694
309817.03399219067,250.20509153044702,-3.953290393024601e-86,-1.551696623754584e-79,9.063940307708225e-79,-5.451484148662243e-74,-1.3183940394593464e-71,1.1109904727449033e-67,1.364604307065373e-64,2.4867457630088357e-62,-2.3580410675353402e-58,2.1122791356283754e-54,9.557693818482846e-51,1.4310871271877207e-46,-8.782467431836319e-44,-2.4366601819738604e-38,8.3143993144043e-36,8.699451647349761e-33,-9.22469642293408e-31,-4.112781082044071e-27,7.599398062251239e-25,3.4968464383284787e-23,-1.0546735853327726e-21,-1.9716491306175642e-17,1.2381490325442872e-15,1.4102859607838004e-13,-3.734574618060276e-12,-3.7490340891406386e-08,6.756272766132207e-08,3.454979033738642e-05,-0.0023997539063773613,-0.5926542760761733,2.782026567759982,1.0898733682316766e-76,2.5906818632263264e-68,6.16513299575658e-64,6.040000714207142e-56,5.973832503832778e-50,-2.670461991589402e-41,-3.062965761868989e-35,7.652153319014272e-30,-7.863022767152507e-25,9.502996306616948e-21,-2.3927674929394993e-15,3.870489197220276e-09,-1.552765230531985e-05,41.499713035966984,-51.97282952923604
316408.88577925856,250.20504102020664,-4.038855750120556e-86,-1.5535046182177426e-79,9.190595822142361e-79,-5.444294143208606e-74,-1.3311239580899845e-71,1.103676116594892e-67,1.3795329000845587e-64,2.7929930538916114e-62,-2.3802654825640387e-58,2.0254199908365103e-54,9.644105169651635e-51,1.445217891911475e-46,-8.857395539468481e-44,-2.460745007485373e-38,8.331895142544612e-36,8.693355288662724e-33,-9.219923322925213e-31,-4.1150975466944646e-27,7.595592819917982e-25,3.4950258210205036e-23,-1.0543875981294994e-21,-1.9706622590066852e-17,1.2378382565508184e-15,1.4099038394181682e-13,-3.734498728937531e-12,-3.7480938623543254e-08,6.756133656837759e-08,3.4549083552448316e-05,-0.002399752918184475,-0.5926541522589237,2.7820254447726893,1.0880779495331081e-76,2.5906895935523467e-68,6.15360388878652e-64,6.041761773761557e-56,5.945010952315333e-50,-2.6677748592100044e-41,-3.093343377610667e-35,8.866406504460157e-30,-7.856973957789922e-25,1.484345457057417e-20,-2.391522238342191e-15,3.868552705887505e-09,-1.552344827165432e-05,41.48931422613284,-51.97177717786918
323000.73756632645,250.20502841633228,-4.050492450435053e-86,-1.5539650555903192e-79,9.206658261781384e-79,-5.4426488739521836e-74,-1.3325421924997028e-71,1.101822392542232e-67,1.3812116936680075e-64,2.830829223081041e-62,-2.382912260565781e-58,2.0141532990244755e-54,9.654418391114297e-51,1.4469245192092478e-46,-8.866904875240277e-44,-2.4634119506935647e-38,8.329928331544278e-36,8.662623366286719e-33,-9.196161315661673e-31,-4.1019024144499476e-27,7.576672969674175e-25,3.4859692176930804e-23,-1.0529677316688593e-21,-1.965753590080098e-17,1.2362957028904524e-15,1.4080053332059155e-13,-3.734128681206192e-12,-3.743423397222829e-08,6.755455107595426e-08,3.4545603482963047e-05,-0.002399752600594941,-0.5926541066090207,2.7820251657685207,1.087600401922558e-76,2.590687860269645e-68,6.151316680890675e-64,6.042205515234424e-56,5.9404265687421255e-50,-2.667105341038036e-41,-3.095652737236971e-35,9.305157883988543e-30,-7.826844163164661e-25,1.690242434277279e-20,-2.3853253221722836e-15,3.8589169358452126e-09,-1.5502546314295775e-05,41.437619513747485,-51.96654614833983
329592.58935339435,250.2050224216719,-4.079038552539852e-86,-1.5567150169714742e-79,9.248535350701237e-79,-5.4341944251711654e-74,-1.3368101500254596e-71,1.091430387149206e-67,1.3863829046802707e-64,2.9591235598265617e-62,-2.3903608616944657e-58,1.9758821195625985e-54,9.683050184314847e-51,1.4517295062596881e-46,-8.891416623880022e-44,-2.472080153388271e-38,8.336286611609278e-36,8.65899536745619e-33,-9.193408166606082e-31,-4.112841432023339e-27,7.574484163337401e-25,3.484921487339558e-23,-1.0528034011329662e-21,-1.9651857501288417e-17,1.2361171601017293e-15,1.4077856322338713e-13,-3.734085723683057e-12,-3.742882882846947e-08,6.755376341738006e-08,3.45452001471446e-05,-0.002399752476448287,-0.5926540904874925,2.7820250326077276,1.0847697766944269e-76,2.590716543501386e-68,6.140844070795953e-64,6.044872742736797e-56,5.92379357869324e-50,-2.66353545305102e-41,-3.1110755093846486e-35,1.2176858469095643e-29,-7.823360352129837e-25,2.950623215743281e-20,-2.3846085319559895e-15,3.857802330270939e-09,-1.550012775864775e-05,41.43163762521713,-51.96594082795974
336184.44114046224,250.20505854849551,-4.1463672559431636e-86,-1.5597409018488745e-79,9.348004025859049e-79,-5.424045034439801e-74,-1.3468738941977898e-71,1.0797688579601137e-67,1.398310511670418e-64,3.2200863470007386e-62,-2.4078480533190457e-58,1.9005322422502724e-54,9.750772184664969e-51,1.4628913828057075e-46,-8.949617479822865e-44,-2.4915237287318334e-38,8.35202096710852e-36,8.668536349641818e-33,-9.20089460287065e-31,-4.128940264667289e-27,7.580451259886365e-25,3.487777131190621e-23,-1.0532514776369367e-21,-1.9667336312638233e-17,1.2366040032751825e-15,1.408384573672914e-13,-3.7342034094406934e-12,-3.7443564364583985e-08,6.755592108119482e-08,3.4546302280840154e-05,-0.0023997531960630774,-0.5926541817103851,2.7820258355911545,1.0816912448743569e-76,2.590745883506064e-68,6.126852918583294e-64,6.047815310322944e-56,5.895941077661819e-50,-2.659447985901356e-41,-3.139249609957962e-35,1.474219136924876e-29,-7.832855983386023e-25,4.070193449686978e-20,-2.386562241956944e-15,3.8608403372477645e-09,-1.5506719905948582e-05,41.44794217751674,-51.96759075729628
342776.2929275301,250.2050323083906,-4.17206333962916e-86,-1.5623090113252047e-79,9.385316017490867e-79,-5.416222238226423e-74,-1.3506137776151306e-71,1.070098471697411e-67,1.4028510490929632e-64,3.334307486595938e-62,-2.414411210891577e-58,1.8662780021840322e-54,9.775994689829391e-51,1.4671328397197786e-46,-8.97132173011824e-44,-2.4991137082937983e-38,8.356644077966152e-36,8.658368758423437e-33,-9.193048273374862e-31,-4.135149956657054e-27,7.574204830571725e-25,3.484787555460483e-23,-1.052782351965268e-21,-1.965113198796678e-17,1.2360942752054959e-15,1.407757430187445e-13,-3.734080514459289e-12,-3.742813441142301e-08,6.75536677957791e-08,3.454514970661421e-05,-0.002399752665816207,-0.5926541138798563,2.7820252524875495,1.0790618000354261e-76,2.5907907241379964e-68,6.11719515249857e-64,6.050336881084286e-56,5.880760209138023e-50,-2.6561386496748137e-41,-3.152543223523955e-35,1.7275774486898452e-29,-7.8229180706003945e-25,5.185971142921965e-20,-2.3845169165029758e-15,3.85765975460406e-09,-1.5499816633520265e-05,41.43086733185936,-51.96586289969977
349368.144714598,250.20505124133012,-4.1906897280881e-86,-1.5627600368831107e-79,9.412971299236107e-79,-5.414512993602674e-74,-1.3534151927325472e-71,1.0683174205904576e-67,1.4061413988219988e-64,3.4021690055037905e-62,-2.4192499235554228e-58,1.8470386940339297e-54,9.794784004601079e-51,1.4702059217830995e-46,-8.987423284431555e-44,-2.504409396175215e-38,8.361513756155258e-36,8.66658998398806e-33,-9.199436316243586e-31,-4.1396190810475476e-27,7.579292907903309e-25,3.487222703771226e-23,-1.0531644668262475e-21,-1.9664331541003788e-17,1.2365094589985428e-15,1.4082682685042648e-13,-3.734180547022613e-12,-3.7440702789003853e-08,6.755550191985291e-08,3.45460882136873e-05,-0.002399753050700785,-0.5926541632987176,2.782025673173132,1.0786107095117211e-76,2.590793458363303e-68,6.114522526357211e-64,6.0507731434030255e-56,5.874333718347672e-50,-2.6554989017028295e-41,-3.159536418172015e-35,1.7370800661215592e-29,-7.831013488626425e-25,5.222239234355548e-20,-2.3861830049401127e-15,3.8602505993246285e-09,-1.5505439831692888e-05,41.44477595609266,-51.96727035288966
355959.9965016659,250.20510380189668,-4.245489111516057e-86,-1.5637446486984116e-79,9.493188968838594e-79,-5.410385414625271e-74,-1.3613168426791067e-71,1.064268368842876e-67,1.4153957627293098e-64,3.5908452848739866e-62,-2.4330665980117598e-58,1.793474360429307e-54,9.848540508781244e-51,1.4789873730048136e-46,-9.034132382642899e-44,-2.519165132520014e-38,8.371185317121665e-36,8.660494982838974e-33,-9.194778696361628e-31,-4.1361195072438364e-27,7.575586758001649e-25,3.4854480879760975e-23,-1.0528862350480716e-21,-1.9654711740434867e-17,1.2362071644996836e-15,1.407895931768414e-13,-3.734109561448372e-12,-3.743154176293287e-08,6.755419973168451e-08,3.4545412717874425e-05,-0.0023997540486807223,-0.5926542858406421,2.78202684226474,1.0776325779181458e-76,2.59079716746739e-68,6.107659152649693e-64,6.051736286825301e-56,5.856568689816371e-50,-2.653997447351749e-41,-3.176770666844467e-35,1.7251967217734212e-29,-7.825114836482392e-25,5.1715996322521165e-20,-2.384968202153859e-15,3.858361365414374e-09,-1.5501337080270722e-05,41.43462694197832,-51.96624346626088
362551.8482887338,250.20510079242263,-4.326628763372861e-86,-1.5634268576797852e-79,9.612245526533392e-79,-5.409229638468863e-74,-1.3729974597798867e-71,1.0648288982733704e-67,1.4289419991479113e-64,3.8486984237795454e-62,-2.4534398138707467e-58,1.7218362634580936e-54,9.928060758645226e-51,1.4918734529982775e-46,-9.103294316885903e-44,-2.540451768965997e-38,8.386050494400154e-36,8.664164895473703e-33,-9.197768791206167e-31,-4.126496966405992e-27,7.57797504107692e-25,3.4865916014973544e-23,-1.0530653072269927e-21,-1.9660908393639418e-17,1.2364016796070627e-15,1.4081353954909095e-13,-3.7341560962211705e-12,-3.7437431882434916e-08,6.755505307455418e-08,3.454585100957501e-05,-0.0023997540001276223,-0.592654280608726,2.7820267751788763,1.0780101621901781e-76,2.590760920439867e-68,6.102912511070998e-64,6.0514062319619805e-56,5.836045406834208e-50,-2.653974761358973e-41,-3.1979837999602017e-35,1.4652669693025868e-29,-7.828922554348847e-25,4.025573551471897e-20,-2.3857506250110342e-15,3.8595778459650375e-09,-1.55039737865659e-05,41.441147143025006,-51.96690324226495
369143.7000758017,250.205147196278,-4.347380835534426e-86,-1.562831396451194e-79,9.642073276270675e-79,-5.4103457180461725e-74,-1.375781611714322e-71,1.066831729814718e-67,1.4321284790202396e-64,3.9043690611004055e-62,-2.4583905476037666e-58,1.7066622546840922e-54,9.947496720794698e-51,1.494996820473896e-46,-9.120604016835403e-44,-2.5453110865350404e-38,8.387190407523145e-36,8.649353885511342e-33,-9.186348206899836e-31,-4.114083147873247e-27,7.568882718872165e-25,3.482239007347137e-23,-1.0523826141515165e-21,-1.963731462709161e-17,1.2356599280437518e-15,1.4072222676778395e-13,-3.73397961652574e-12,-3.741496559566027e-08,6.755181648660468e-08,3.454418377689917e-05,-0.0023997548581934014,-0.5926543840144255,2.782027807722563,1.078638596430101e-76,2.590744049343151e-68,6.103252312470285e-64,6.050827536029755e-56,5.832504833303086e-50,-2.6545844758446327e-41,-3.200706578912189e-35,1.348642559461637e-29,-7.8144532381336075e-25,3.521567893130886e-20,-2.3827718565058967e-15,3.85494554916744e-09,-1.5493917259387175e-05,41.4162717327781,-51.96438617508565
375735.5518628696,250.20511960079872,-4.5618425850167294e-86,-1.5663021524509642e-79,9.95587659716511e-79,-5.395375676236587e-74,-1.4066688618006551e-71,1.0524951938853404e-67,1.4682790161414956e-64,4.636709947538941e-62,-2.5121760164924592e-58,1.4991913367144747e-54,1.0156754730569653e-50,1.5291446225579998e-46,-9.3016920391976e-44,-2.602695487519072e-38,8.428933512931233e-36,8.670293191354788e-33,-9.203062570801852e-31,-4.124667003452927e-27,7.582220217347503e-25,3.4886236312410544e-23,-1.0533837959597133e-21,-1.967192103173509e-17,1.2367476690217707e-15,1.4085611561316592e-13,-3.7342395417766964e-12,-3.744790514771776e-08,6.755658304220786e-08,3.454663346197937e-05,-0.002399754379258371,-0.5926543290329055,2.782027193152469,1.0752318431428438e-76,2.5907662787440914e-68,6.077697415377484e-64,6.054234957344396e-56,5.764643629125785e-50,-2.6492715668444653e-41,-3.267693590889877e-35,1.347922712218248e-29,-7.835685916903914e-25,3.5039692077752014e-20,-2.3871408450820347e-15,3.86173938729428e-09,-1.550866027259418e-05,41.45273671725018,-51.968076029717935
382327.4036499375,250.20508680030375,-4.587660941758375e-86,-1.566959347974455e-79,9.993145529368329e-79,-5.392894125696218e-74,-1.410262955974053e-71,1.049876187828226e-67,1.4725031921686827e-64,4.725076244338538e-62,-2.5184472127316643e-58,1.4738439093488839e-54,1.0181121627358498e-50,1.5331362559114842e-46,-9.322793674316582e-44,-2.6093611526725806e-38,8.433169475409546e-36,8.668465979858322e-33,-9.201609816035528e-31,-4.12506912974475e-27,7.581060912391772e-25,3.488069194857242e-23,-1.0532966345827598e-21,-1.9668915809040173e-17,1.2366529473011614e-15,1.4084447943985624e-13,-3.73421592672059e-12,-3.744504204809168e-08,6.755615033086376e-08,3.454641598627438e-05,-0.0023997537427332197,-0.592654249706656,2.782026463814407,1.0745704845133635e-76,2.5907728022798673e-68,6.073882313796373e-64,6.054879332789037e-56,5.75577664675673e-50,-2.6483354509108937e-41,-3.275512519753829e-35,1.3779514717347542e-29,-7.8338437644369e-25,3.6365415077998667e-20,-2.3867617909687254e-15,3.861149957715419e-09,-1.5507381169570654e-05,41.44957306922889,-51.967755839267255
388919.25543700537,250.20507498274048,-4.611834042577663e-86,-1.5674301637932255e-79,1.002801161980763e-78,-5.3909665987033104e-74,-1.413611084927432e-71,1.0479478992719612e-67,1.4764275347841661e-64,4.805789514993289e-62,-2.524308797209131e-58,1.4507839998519193e-54,1.0203925064603618e-50,1.536864053956702e-46,-9.34262786899283e-44,-2.615534993362831e-38,8.436710625692539e-36,8.664267856023451e-33,-9.198368447137255e-31,-4.1235170301988126e-27,7.578480057216263e-25,3.486834034137136e-23,-1.0531027973206383e-21,-1.9662220700462723e-17,1.2364423322650398e-15,1.4081856716142794e-13,-3.734165120448523e-12,-3.7438666679450345e-08,6.755521880507757e-08,3.454593963801249e-05,-0.0023997535048481283,-0.5926542193491349,2.7820262011905483,1.0740999656637292e-76,2.590775531170025e-68,6.0707445281258365e-64,6.05534127178973e-56,5.747927618088536e-50,-2.647630961888591e-41,-3.2823457209713697e-35,1.389434210683922e-29,-7.829737877148908e-25,3.6890407830277464e-20,-2.3859167398009125e-15,3.85983585820463e-09,-1.5504528941092e-05,41.4425182263332,-51.96704193563838
395511.10722407326,250.205090444212,-4.6709362809079064e-86,-1.5671953587920918e-79,1.0113449486762893e-78,-5.390147958291388e-74,-1.4217727735020077e-71,1.0483603085326848e-67,1.4858879428863305e-64,4.9860445591771375e-62,-2.5385729571692086e-58,1.4004684015310467e-54,1.0259621600159639e-50,1.5458883441619856e-46,-9.391181358651454e-44,-2.630176791089668e-38,8.445471646798306e-36,8.660516218172633e-33,-9.195498245473875e-31,-4.115145496252815e-27,7.57619550792687e-25,3.485740464901324e-23,-1.0529311809501387e-21,-1.9656292196183378e-17,1.2362558538867897e-15,1.4079561066340984e-13,-3.734120858609318e-12,-3.743301801945206e-08,6.755440701914983e-08,3.454552093894752e-05,-0.0023997537936905245,-0.5926542544142074,2.7820265451771973,1.0743940791510012e-76,2.590759767301745e-68,6.067331740827976e-64,6.055118795193207e-56,5.7332818703426e-50,-2.647634763775029e-41,-3.2956192095541656e-35,1.2415029345776061e-29,-7.82610460976707e-25,3.0412296252678875e-20,-2.385168272428839e-15,3.8586718222791995e-09,-1.550200044128408e-05,41.436263209270855,-51.96640901637711
402102.95901114115,250.2050494335537,-4.686435390780812e-86,-1.5698165823876044e-79,1.0135842127413956e-78,-5.382426886517924e-74,-1.424064572656184e-71,1.0385834742063602e-67,1.4887522066652263e-64,5.06838822975068e-62,-2.5425293984846797e-58,1.3751109245287652e-54,1.0274641619155903e-50,1.548474100415133e-46,-9.403726633302427e-44,-2.6350887147630384e-38,8.449750225532494e-36,8.663827039817522e-33,-9.198056250817567e-31,-4.1298633652037216e-27,7.578232714558344e-25,3.486716104506483e-23,-1.053083976835007e-21,-1.9661580993908538e-17,1.236421837495311e-15,1.4081606508115859e-13,-3.734159496809925e-12,-3.7438049980439644e-08,6.755511593689465e-08,3.454589040557598e-05,-0.0023997530116241033,-0.5926541580963869,2.782025633045308,1.071676785899068e-76,2.590798411407137e-68,6.0582219543340727e-64,6.057669907443092e-56,5.720694738101987e-50,-2.644321678963849e-41,-3.3066287494515577e-35,1.5375173771697416e-29,-7.829350825484825e-25,4.338150799541024e-20,-2.385836327207981e-15,3.859710678170952e-09,-1.550425505671576e-05,41.441839878008906,-51.966973246770756
408694.81079820904,250.2050116523764,-4.708009420102288e-86,-1.570449117109367e-79,1.0166952881745669e-78,-5.380124200828118e-74,-1.4270644163930914e-71,1.036091707645044e-67,1.4922845255454014e-64,5.143120536127108e-62,-2.5477613791686022e-58,1.3536038282413597e-54,1.0294957673578447e-50,1.5518064544868475e-46,-9.421299375412658e-44,-2.6406705000621306e-38,8.45334571893515e-36,8.663087667842453e-33,-9.197486403381118e-31,-4.130656920370169e-27,7.577778966365745e-25,3.486499498147229e-23,-1.0530497322501423e-21,-1.966040673561297e-17,1.2363845989990988e-15,1.408115075060223e-13,-3.734149519780865e-12,-3.7436928148520534e-08,6.755493335654845e-08,3.4545801971179605e-05,-0.0023997522819274326,-0.5926540674483741,2.7820247928994823,1.0710376681148742e-76,2.5908061375166377e-68,6.0547827770112275e-64,6.058290763626043e-56,5.713023117807325e-50,-2.6434390103217623e-41,-3.3133324398537525e-35,1.5637082932396454e-29,-7.82863310415644e-25,4.453029206265627e-20,-2.3856884824090532e-15,3.859480753157392e-09,-1.5503755624675857e-05,41.44060444753185,-51.96684816427532
415286.66258527694,250.20486511728987,-4.958113462722531e-86,-1.5756150596883884e-79,1.0527062532503209e-78,-5.3593815908889494e-74,-1.4615750496690325e-71,1.0151422951411092e-67,1.532760049819211e-64,5.978369597078592e-62,-2.6079406860392933e-58,1.1147885128708047e-54,1.0528959609245493e-50,1.5900667792216687e-46,-9.62396690385976e-44,-2.704121854616977e-38,8.493678905822422e-36,8.660009714307583e-33,-9.195220527179704e-31,-4.124992842238885e-27,7.575979195669376e-25,3.4856406640109304e-23,-1.052913567768806e-21,-1.9655748831244365e-17,1.2362364663498376e-15,1.4079338341801752e-13,-3.734109936012946e-12,-3.743246499530854e-08,6.755420894366494e-08,3.454545062719413e-05,-0.0023997494516049,-0.5926537158307992,2.7820215343805677,1.0658332213348238e-76,2.5908227639403646e-68,6.021413286914359e-64,6.063312038611588e-56,5.631141663499568e-50,-2.6358569971460795e-41,-3.383996155562612e-35,1.470084949785377e-29,-7.825795589878389e-25,4.0340997435444774e-20,-2.385102204710954e-15,3.8585686625074025e-09,-1.5501769302963827e-05,41.43568871438024,-51.96635047246278
421878.5143723445,250.20480312233133,-4.978652938749217e-86,-1.5763379028292806e-79,1.0555977007955531e-78,-5.356829721063767e-74,-1.4642438503466925e-71,1.0122969421314692e-67,1.5359127681740452e-64,6.0470670636554165e-62,-2.6126574087831006e-58,1.0947122700250742e-54,1.0547275339555876e-50,1.5930816574594376e-46,-9.6400077706007e-44,-2.7090346983010774e-38,8.495189050543598e-36,8.648184000906702e-33,-9.186075361987849e-31,-4.121578404476168e-27,7.56869727551871e-25,3.4821561879482113e-23,-1.0523663922220638e-21,-1.9636860732221945e-17,1.2356418811260737e-15,1.4072025283183202e-13,-3.7339657078674655e-12,-3.7414471053187615e-08,6.755156481953277e-08,3.454410247237838e-05,-0.0023997482283935035,-0.592653561714365,2.782020156232892,1.0650941883882991e-76,2.5908321353623884e-68,6.0177554408322414e-64,6.064024090611195e-56,5.6235188287684e-50,-2.634855041267054e-41,-3.3893641219245696e-35,1.5240676873222486e-29,-7.814217565417887e-25,4.277668723900669e-20,-2.3827185331890334e-15,3.8548617937309936e-09,-1.5493721418654665e-05,41.415781771854896,-51.96433596883753
